channel,total_spend,num_customers,total_npv,realized_cac,npv_per_customer,ltv_cac_ratio,adjusted_cac,adjusted_ltv_cac,payback_months
Account_Based,5160000.0,3322,54162069.759984314,1553.2811559301626,16304.054714022972,10.496525147283782,3883.2028898254066,4.198610058913513,8.574266124946082
LinkedIn,3225000.0,2720,25248939.989201717,1185.6617647058824,9282.698525441807,7.829128678822238,2134.1911764705883,4.3495159326790205,8.276783108097808
Content,1548000.0,2903,5018982.308462633,533.2414743368929,1728.8950425293258,3.242236633373794,693.2139166379608,2.4940281795183026,14.43448004944076
Paid_Search,3870000.0,4355,3725675.401828811,888.6337543053961,855.4937776874423,0.9627068221779873,977.4971297359358,0.8751880201618066,41.13401825740741
Organic,516000.0,908,260754.4424448679,568.2819383259912,287.17449608465625,0.5053380667536199,568.2819383259912,0.5053380667536199,71.23943824630172
Display,1290000.0,904,59105.874214119816,1426.9911504424779,65.38260421915909,0.04581850714272854,1569.6902654867258,0.041653188311571394,864.2795776091665
Direct,0.0,682,9161940.386348892,0.0,13433.930185262305,,0.0,inf,0.0
