channel,incremental_npv_50k
LinkedIn,136393.41543506086
Paid_Search,52666.535041734576
Content,-13123.441745340824
Account_Based,-63913.43474395573
Display,-108157.40474748611
Organic,-367067.7884438783
