channel,total_spend,num_customers,total_npv,realized_cac,npv_per_customer,adjusted_cac,adjusted_ltv_cac
Account_Based,5701800.0,3221,52543559.43611063,1770.1955914312325,16312.809511366231,4425.4889785780815,3.6861032962300064
Content,1548000.0,2966,5122354.870480664,521.9150370869859,1727.0245686044045,678.4895482130817,2.545395980163319
Direct,0.0,704,9455764.40602327,0.0,13431.483531283053,0.0,inf
Display,516000.0,463,29248.39266499114,1114.4708423326133,63.17147443842579,1225.9179265658747,0.051529937746636965
LinkedIn,3457200.0,2769,25676693.49334769,1248.5373781148428,9272.912059713864,2247.367280606717,4.126122214082638
Organic,516000.0,880,245240.18349161212,586.3636363636364,278.68202669501375,586.3636363636364,0.47527167343335674
Paid_Search,3870000.0,4353,3680581.4966331357,889.0420399724328,845.5275664215795,977.9462439696762,0.864595136629818
